Company,Industry,ATS,URL
Nexamp,solar energy,Greenhouse,https://boards.greenhouse.io/nexamp
Cypress Creek Renewables,solar energy,Greenhouse,https://boards.greenhouse.io/cypresscreekrenewables
Origis Energy,solar energy,Greenhouse,https://boards.greenhouse.io/origisenergy
Sunrock Distributed Generation,solar energy,Greenhouse,https://boards.greenhouse.io/sunrock
Apex Clean Energy,renewable energy,Greenhouse,https://boards.greenhouse.io/apex
New Leaf Energy,renewable energy,Greenhouse,https://boards.greenhouse.io/newleafenergy
RES Americas,renewable EPC,Greenhouse,https://boards.greenhouse.io/res
Sunnova Energy,residential solar,Greenhouse,https://boards.greenhouse.io/sunnova
Palmetto,residential solar,Greenhouse,https://boards.greenhouse.io/palmetto
EnergySage,solar marketplace,Greenhouse,https://boards.greenhouse.io/energysage
ChargePoint,EV charging,Greenhouse,https://boards.greenhouse.io/chargepoint
Plus Power,energy storage,Greenhouse,https://boards.greenhouse.io/pluspower
Bloom Energy,fuel cells,Greenhouse,https://boards.greenhouse.io/bloom
Rondo Energy,thermal energy storage,Greenhouse,https://boards.greenhouse.io/rondoenergy
Electrasteel,green steel,Greenhouse,https://boards.greenhouse.io/electrasteel
ClimateAI,climate tech,Greenhouse,https://boards.greenhouse.io/climateai
UtilityAPI,energy data,Greenhouse,https://boards.greenhouse.io/utilityapi
Leap Energy,energy markets,Greenhouse,https://boards.greenhouse.io/leap
Redwood Materials,battery recycling,Greenhouse,https://boards.greenhouse.io/redwoodmaterials
Holder Construction,construction,Greenhouse,https://boards.greenhouse.io/holderconstruction
Comstock Companies,homebuilder,Greenhouse,https://boards.greenhouse.io/comstock
Watershed,carbon management,Greenhouse,https://boards.greenhouse.io/watershed
Angi,home services,Greenhouse,https://boards.greenhouse.io/angi
Thumbtack,home services,Greenhouse,https://boards.greenhouse.io/thumbtack
Opendoor,real estate tech,Greenhouse,https://boards.greenhouse.io/opendoor
Orchard,real estate tech,Greenhouse,https://boards.greenhouse.io/orchard
Mosaic,solar financing,Ashby,https://jobs.ashbyhq.com/mosaic
Form Energy,energy storage,Ashby,https://jobs.ashbyhq.com/formenergy
Aurora Solar,solar software,Ashby,https://jobs.ashbyhq.com/aurorasolar
Blink Charging,EV charging,Ashby,https://jobs.ashbyhq.com/blink
Generate Capital,clean energy finance,Ashby,https://jobs.ashbyhq.com/generate
Pearl Certification,home efficiency,Ashby,https://jobs.ashbyhq.com/pearl
Sealed,home efficiency,Ashby,https://jobs.ashbyhq.com/sealed
Brimstone,green cement,Ashby,https://jobs.ashbyhq.com/brimstone
